"broker_id","update_date","broker_name","broker_rank"
"1","2025-07-23","An Phạm","Môi giới chuyên nghiệp"
"2","2025-07-23","Bạch Sala","Môi giới chuyên nghiệp"
"3","2025-07-23","Bắc Trần","Môi giới chuyên nghiệp"
"4","2025-07-23","Bảo Bảo","Môi giới chuyên nghiệp"
"5","2025-07-23","Bảo Châu","Môi giới chuyên nghiệp"
"6","2025-07-23","Bảo Oanh","Môi giới chuyên nghiệp"
"7","2025-07-23","Bảo Trân","Môi giới chuyên nghiệp"
"8","2025-07-23","Bích Hoàng","Môi giới chuyên nghiệp"
"9","2025-07-23","Biện Thương","Môi giới chuyên nghiệp"
"10","2025-07-23","Bình Phương","Môi giới chuyên nghiệp"
"11","2025-07-23","Bùi Phương Nam","Môi giới chuyên nghiệp"
"12","2025-07-23","Bùi Thị Ngọc Nhã","Môi giới chuyên nghiệp"
"13","2025-07-23","Bùi Thị Tuyết Hạnh","Môi giới chuyên nghiệp"
"14","2025-07-23","Cẩm Tú","Môi giới chuyên nghiệp"
"15","2025-07-23","Cao Thị Thu Trang","Môi giới chuyên nghiệp"
"16","2025-07-23","Cao Trung Nghĩa","Môi giới chuyên nghiệp"
"17","2025-07-23","Châu Nguyễn","Môi giới chuyên nghiệp"
"18","2025-07-23","Chí Hiếu","Môi giới chuyên nghiệp"
"19","2025-07-23","Đặng Thái Bình","Môi giới chuyên nghiệp"
"20","2025-07-23","Đặng Thảo Uyên","Môi giới chuyên nghiệp"
"21","2025-07-23","Đặng Thị Kim Song","Môi giới chuyên nghiệp"
"22","2025-07-23","Đặng Văn Hùng","Môi giới chuyên nghiệp"
"23","2025-07-23","Đào Thị Bích Hạnh","Môi giới chuyên nghiệp"
"24","2025-07-23","Đào Trang","Môi giới chuyên nghiệp"
"25","2025-07-23","Đào Tuấn Minh","Môi giới chuyên nghiệp"
"26","2025-07-23","Đậu Thị Phúc","Môi giới chuyên nghiệp"
"27","2025-07-23","Diệu Trần","Môi giới chuyên nghiệp"
"28","2025-07-23","Đinh Hiền","Môi giới chuyên nghiệp"
"29","2025-07-23","Đoàn Thị Cẩm Vân","Môi giới chuyên nghiệp"
"30","2025-07-23","Đoàn Trung Thiên","Môi giới chuyên nghiệp"
"31","2025-07-23","Đoàn Việt Hà","Môi giới chuyên nghiệp"
"32","2025-07-23","Đống Thị Kim Tuyền","Môi giới chuyên nghiệp"
"33","2025-07-23","Đỗ Thành Luân","Môi giới chuyên nghiệp"
"34","2025-07-23","Đức","Môi giới chuyên nghiệp"
"35","2025-07-23","Đức Huy","Môi giới chuyên nghiệp"
"36","2025-07-23","Đức Mạnh","Môi giới chuyên nghiệp"
"37","2025-07-23","Du Hồng Huấn","Môi giới chuyên nghiệp"
"38","2025-07-23","Dương Realtor","Môi giới chuyên nghiệp"
"39","2025-07-23","Dương Thị Chung","Môi giới chuyên nghiệp"
"40","2025-07-23","Dương Xuân Phụng Mỹ","Môi giới chuyên nghiệp"
"41","2025-07-23","Duy Vo","Môi giới chuyên nghiệp"
"42","2025-07-23","Hạnh Đậu","Môi giới chuyên nghiệp"
"43","2025-07-23","Hạnh Lê","Môi giới chuyên nghiệp"
"44","2025-07-23","Hạnh Trần","Môi giới chuyên nghiệp"
"45","2025-07-23","Hiệp Mai","Môi giới chuyên nghiệp"
"46","2025-07-23","Hoàng Đình Tài","Môi giới chuyên nghiệp"
"47","2025-07-23","Hoàng Phú","Môi giới chuyên nghiệp"
"48","2025-07-23","Hoàng Văn Sửu","Môi giới chuyên nghiệp"
"49","2025-07-23","Hồ Dung","Môi giới chuyên nghiệp"
"50","2025-07-23","Hồ Lan","Môi giới chuyên nghiệp"
"51","2025-07-23","Hồ Liên","Môi giới chuyên nghiệp"
"52","2025-07-23","Hồ Ngọc Liêm","Môi giới chuyên nghiệp"
"53","2025-07-23","Hồng Vui","Môi giới chuyên nghiệp"
"54","2025-07-23","Hồ Quốc Huy","Môi giới chuyên nghiệp"
"55","2025-07-23","Hồ Quốc Phú","Môi giới chuyên nghiệp"
"56","2025-07-23","HùNg Eco","Môi giới chuyên nghiệp"
"57","2025-07-23","Hùng Thân","Môi giới chuyên nghiệp"
"58","2025-07-23","Hương","Môi giới chuyên nghiệp"
"59","2025-07-23","Hương Bùi","Môi giới chuyên nghiệp"
"60","2025-07-23","Hương Trầm","Môi giới chuyên nghiệp"
"61","2025-07-23","Hữu Trung","Môi giới chuyên nghiệp"
"62","2025-07-23","Huy BìNh - Đất Xanh Hội Sở","Môi giới chuyên nghiệp"
"63","2025-07-23","Huyền Lê","Môi giới chuyên nghiệp"
"64","2025-07-23","Khánh Linh","Môi giới chuyên nghiệp"
"65","2025-07-23","Khánh Trình","Môi giới chuyên nghiệp"
"66","2025-07-23","Kiều Lệ","Môi giới chuyên nghiệp"
"67","2025-07-23","Kiều Vi - Tmd Realty","Môi giới chuyên nghiệp"
"68","2025-07-23","Lam","Môi giới chuyên nghiệp"
"69","2025-07-23","Lâm PháT ĐạT","Môi giới chuyên nghiệp"
"70","2025-07-23","Lan Vi","Môi giới chuyên nghiệp"
"71","2025-07-23","Lê Anh","Môi giới chuyên nghiệp"
"72","2025-07-23","Le Chien Duc","Môi giới chuyên nghiệp"
"73","2025-07-23","Lê Đình Nam","Môi giới chuyên nghiệp"
"74","2025-07-23","Lê Đức Lực","Môi giới chuyên nghiệp"
"75","2025-07-23","Lê Dũng","Môi giới chuyên nghiệp"
"76","2025-07-23","Lê Hoàng Anh","Môi giới chuyên nghiệp"
"77","2025-07-23","Lê Hoàng Sang","Môi giới chuyên nghiệp"
"78","2025-07-23","Lê Huệ","Môi giới chuyên nghiệp"
"79","2025-07-23","Lê Minh Thư","Môi giới chuyên nghiệp"
"80","2025-07-23","Lê Minh Vũ","Môi giới chuyên nghiệp"
"81","2025-07-23","Lê Quyết Tâm","Môi giới chuyên nghiệp"
"82","2025-07-23","Lê Thành Tấn","Môi giới chuyên nghiệp"
"83","2025-07-23","Lê Thị Cẩm Tiên","Môi giới chuyên nghiệp"
"84","2025-07-23","Lê Thị Kim Truyện","Môi giới chuyên nghiệp"
"85","2025-07-23","Lê Thị Vũ Minh","Môi giới chuyên nghiệp"
"86","2025-07-23","Lê Văn Nhựt","Môi giới chuyên nghiệp"
"87","2025-07-23","Lực Phạm","Môi giới chuyên nghiệp"
"88","2025-07-23","Lưu Thị Bích Chi","Môi giới chuyên nghiệp"
"89","2025-07-23","Mai Sơn","Môi giới chuyên nghiệp"
"90","2025-07-23","Mai Thi","Môi giới chuyên nghiệp"
"91","2025-07-23","Mai Thị Hàn Ni","Môi giới chuyên nghiệp"
"92","2025-07-23","Mai Uyên - Libby","Môi giới chuyên nghiệp"
"93","2025-07-23","Mai Vũ Khánh","Môi giới chuyên nghiệp"
"94","2025-07-23","Mi Dương","Môi giới chuyên nghiệp"
"95","2025-07-23","Minh Công","Môi giới chuyên nghiệp"
"96","2025-07-23","Mr Thuận","Môi giới chuyên nghiệp"
"97","2025-07-23","Ms Hằng","Môi giới chuyên nghiệp"
"98","2025-07-23","Ms Mỹ","Môi giới chuyên nghiệp"
"99","2025-07-23","My Phan","Môi giới chuyên nghiệp"
"100","2025-07-23","Nghệ Phạm","Môi giới chuyên nghiệp"
"101","2025-07-23","Ngọc Hoàng","Môi giới chuyên nghiệp"
"102","2025-07-23","Ngọc Huệ Homie9","Môi giới chuyên nghiệp"
"103","2025-07-23","Ngô Xuân Nam","Môi giới chuyên nghiệp"
"104","2025-07-23","Nguyễn Anh Thư","Môi giới chuyên nghiệp"
"105","2025-07-23","Nguyễn Anh Tuấn","Môi giới chuyên nghiệp"
"106","2025-07-23","Nguyễn Cường","Môi giới chuyên nghiệp"
"107","2025-07-23","Nguyễn Đình Điệp","Môi giới chuyên nghiệp"
"108","2025-07-23","Nguyễn Đình Tuấn","Môi giới chuyên nghiệp"
"109","2025-07-23","Nguyễn Đức Huy","Môi giới chuyên nghiệp"
"110","2025-07-23","Nguyễn Duy Hoài","Môi giới chuyên nghiệp"
"111","2025-07-23","Nguyễn Hải Anh","Môi giới chuyên nghiệp"
"112","2025-07-23","Nguyễn Hoa Hồng","Môi giới chuyên nghiệp"
"113","2025-07-23","Nguyen Hoang Hai","Môi giới chuyên nghiệp"
"114","2025-07-23","Nguyễn Hoàng Thông","Môi giới chuyên nghiệp"
"115","2025-07-23","Nguyễn Hồng Khánh Mỹ","Môi giới chuyên nghiệp"
"116","2025-07-23","Nguyễn Hùng Lãm","Môi giới chuyên nghiệp"
"117","2025-07-23","Nguyễn Hùng Linh","Môi giới chuyên nghiệp"
"118","2025-07-23","Nguyễn Hữu Tài","Môi giới chuyên nghiệp"
"119","2025-07-23","Nguyễn Huy","Môi giới chuyên nghiệp"
"120","2025-07-23","Nguyễn Kế Sáng","Môi giới chuyên nghiệp"
"121","2025-07-23","Nguyễn Kiên","Môi giới chuyên nghiệp"
"122","2025-07-23","Nguyễn Kim Hằng","Môi giới chuyên nghiệp"
"123","2025-07-23","Nguyễn Lê Yến Nhi","Môi giới chuyên nghiệp"
"124","2025-07-23","Nguyễn Liêm","Môi giới chuyên nghiệp"
"125","2025-07-23","Nguyễn Mạnh Thy","Môi giới chuyên nghiệp"
"126","2025-07-23","Nguyễn Ngọc Diễm","Môi giới chuyên nghiệp"
"127","2025-07-23","Nguyễn Ngọc Sơn","Môi giới chuyên nghiệp"
"128","2025-07-23","Nguyễn Nhật Khánh","Môi giới chuyên nghiệp"
"129","2025-07-23","Nguyễn Như Loan","Môi giới chuyên nghiệp"
"130","2025-07-23","Nguyễn Phi Công","Môi giới chuyên nghiệp"
"131","2025-07-23","NguyễN PhướC Minh","Môi giới chuyên nghiệp"
"132","2025-07-23","Nguyễn Sơn","Môi giới chuyên nghiệp"
"133","2025-07-23","Nguyễn Tâm","Môi giới chuyên nghiệp"
"134","2025-07-23","Nguyễn Tấn Trường","Môi giới chuyên nghiệp"
"135","2025-07-23","Nguyễn Thế Đồng","Môi giới chuyên nghiệp"
"136","2025-07-23","Nguyễn Thị Phương Tâm","Môi giới chuyên nghiệp"
"137","2025-07-23","Nguyễn Thị Quyên","Môi giới chuyên nghiệp"
"138","2025-07-23","Nguyễn Thị Thanh Thảo","Môi giới chuyên nghiệp"
"139","2025-07-23","Nguyễn Thị Thảo Nguyên","Môi giới chuyên nghiệp"
"140","2025-07-23","Nguyễn Thị Thương","Môi giới chuyên nghiệp"
"141","2025-07-23","Nguyễn Thị Thuỳ Vân","Môi giới chuyên nghiệp"
"142","2025-07-23","Nguyễn Thuỷ Tiên","Môi giới chuyên nghiệp"
"143","2025-07-23","Nguyễn Tiến Phan","Môi giới chuyên nghiệp"
"144","2025-07-23","Nguyễn Tiểu Hiền","Môi giới chuyên nghiệp"
"145","2025-07-23","NguyễN TrầN LạC Quan","Môi giới chuyên nghiệp"
"146","2025-07-23","Nguyễn Trần Tuấn Hoàng","Môi giới chuyên nghiệp"
"147","2025-07-23","Nguyễn Trúc Phương","Môi giới chuyên nghiệp"
"148","2025-07-23","Nguyễn Trường","Môi giới chuyên nghiệp"
"149","2025-07-23","Nguyễn Trường Thanh","Môi giới chuyên nghiệp"
"150","2025-07-23","Nguyễn Tùng","Môi giới chuyên nghiệp"
"151","2025-07-23","Nguyễn Văn Đường","Môi giới chuyên nghiệp"
"152","2025-07-23","Nguyễn Văn Hiệp","Môi giới chuyên nghiệp"
"153","2025-07-23","Nguyễn Văn Trung","Môi giới chuyên nghiệp"
"154","2025-07-23","Nguyễn Vy","Môi giới chuyên nghiệp"
"155","2025-07-23","Nhật Hạ Realty","Môi giới chuyên nghiệp"
"156","2025-07-23","Như Quỳnh Sun Avenue","Môi giới chuyên nghiệp"
"157","2025-07-23","Như Ý","Môi giới chuyên nghiệp"
"158","2025-07-23","Ni Masteri","Môi giới chuyên nghiệp"
"159","2025-07-23","Phạm Anh Hiếu","Môi giới chuyên nghiệp"
"160","2025-07-23","Phạm Công Hậu","Môi giới chuyên nghiệp"
"161","2025-07-23","Phạm Dung","Môi giới chuyên nghiệp"
"162","2025-07-23","Phạm Minh Tuấn","Môi giới chuyên nghiệp"
"163","2025-07-23","Phạm Thế Chương","Môi giới chuyên nghiệp"
"164","2025-07-23","Phạm Thế Đạt","Môi giới chuyên nghiệp"
"165","2025-07-23","Pham Văn Đương","Môi giới chuyên nghiệp"
"166","2025-07-23","Phan Bảo Định","Môi giới chuyên nghiệp"
"167","2025-07-23","Phan Điền","Môi giới chuyên nghiệp"
"168","2025-07-23","Phan Đức","Môi giới chuyên nghiệp"
"169","2025-07-23","Phan Kim Thông","Môi giới chuyên nghiệp"
"170","2025-07-23","Phan Linh","Môi giới chuyên nghiệp"
"171","2025-07-23","Phan Minh Trọng","Môi giới chuyên nghiệp"
"172","2025-07-23","Phan Thanh Trí Tâm","Môi giới chuyên nghiệp"
"173","2025-07-23","Phan Thuận","Môi giới chuyên nghiệp"
"174","2025-07-23","Phan Trung Tuấn","Môi giới chuyên nghiệp"
"175","2025-07-23","Phước Lộc","Môi giới chuyên nghiệp"
"176","2025-07-23","Phương Bùi","Môi giới chuyên nghiệp"
"177","2025-07-23","Phương Homie9","Môi giới chuyên nghiệp"
"178","2025-07-23","Phượng Nguyễn","Môi giới chuyên nghiệp"
"179","2025-07-23","Quang Bin","Môi giới chuyên nghiệp"
"180","2025-07-23","Quang Lâm","Môi giới chuyên nghiệp"
"181","2025-07-23","Quí Ngọc 37Realty","Môi giới chuyên nghiệp"
"182","2025-07-23","Quỳnh Như House","Môi giới chuyên nghiệp"
"183","2025-07-23","Sơn Nguyễn","Môi giới chuyên nghiệp"
"184","2025-07-23","Thanh Hóa","Môi giới chuyên nghiệp"
"185","2025-07-23","Thành Lê - Tmd Realty","Môi giới chuyên nghiệp"
"186","2025-07-23","Thanh Nga","Môi giới chuyên nghiệp"
"187","2025-07-23","Thanh Thanh","Môi giới chuyên nghiệp"
"188","2025-07-23","Thanh Thủy","Môi giới chuyên nghiệp"
"189","2025-07-23","Thanh Trang One Verandah","Môi giới chuyên nghiệp"
"190","2025-07-23","Thanh Trúc Novaland","Môi giới chuyên nghiệp"
"191","2025-07-23","Thanh Tú","Môi giới chuyên nghiệp"
"192","2025-07-23","Thân Trọng Bình","Môi giới chuyên nghiệp"
"193","2025-07-23","Thảo Nhi Nguyễn","Môi giới chuyên nghiệp"
"194","2025-07-23","Thới Long Quy","Môi giới chuyên nghiệp"
"195","2025-07-23","Thuận Hoàng","Môi giới chuyên nghiệp"
"196","2025-07-23","Thu Hiệp","Môi giới chuyên nghiệp"
"197","2025-07-23","Thu Hồng","Môi giới chuyên nghiệp"
"198","2025-07-23","Thuý Vy","Môi giới chuyên nghiệp"
"199","2025-07-23","Tỉnh Trần","Môi giới chuyên nghiệp"
"200","2025-07-23","Trâm Hồ","Môi giới chuyên nghiệp"
"201","2025-07-23","Trần Cao Vinh","Môi giới chuyên nghiệp"
"202","2025-07-23","Trần Hải","Môi giới chuyên nghiệp"
"203","2025-07-23","Trần Hoàng Sáng","Môi giới chuyên nghiệp"
"204","2025-07-23","Trần Hữu Tùng","Môi giới chuyên nghiệp"
"205","2025-07-23","Trần Khánh Nguyên","Môi giới chuyên nghiệp"
"206","2025-07-23","Trần Linh","Môi giới chuyên nghiệp"
"207","2025-07-23","Trần Ngọc Khánh","Môi giới chuyên nghiệp"
"208","2025-07-23","Trần Thị Ánh Hồng","Môi giới chuyên nghiệp"
"209","2025-07-23","Trần Thị Cẩm Chi","Môi giới chuyên nghiệp"
"210","2025-07-23","Trần Thị Hoàng Ngọc","Môi giới chuyên nghiệp"
"211","2025-07-23","Trần Thị Mai Trâm","Môi giới chuyên nghiệp"
"212","2025-07-23","Trần Thị Thái Mỹ","Môi giới chuyên nghiệp"
"213","2025-07-23","Trần Thị Thanh Trúc","Môi giới chuyên nghiệp"
"214","2025-07-23","Trần Thị Thuý An","Môi giới chuyên nghiệp"
"215","2025-07-23","Trần Văn Đức","Môi giới chuyên nghiệp"
"216","2025-07-23","Trần Văn Trung","Môi giới chuyên nghiệp"
"217","2025-07-23","Trần Xuân Thịnh","Môi giới chuyên nghiệp"
"218","2025-07-23","Tri Mỹ Phương","Môi giới chuyên nghiệp"
"219","2025-07-23","Trí Nguyễn","Môi giới chuyên nghiệp"
"220","2025-07-23","Trịnh Hải Linh","Môi giới chuyên nghiệp"
"221","2025-07-23","Trương Hải Trí","Môi giới chuyên nghiệp"
"222","2025-07-23","Trương Minh Hiền","Môi giới chuyên nghiệp"
"223","2025-07-23","Trương Ngọc Quế","Môi giới chuyên nghiệp"
"224","2025-07-23","Trương Thị Bích Huyền","Môi giới chuyên nghiệp"
"225","2025-07-23","Trương Thị Thúy Quỳnh","Môi giới chuyên nghiệp"
"226","2025-07-23","Trương Tùng","Môi giới chuyên nghiệp"
"227","2025-07-23","Tú Oanh","Môi giới chuyên nghiệp"
"228","2025-07-23","Tường Loan","Môi giới chuyên nghiệp"
"229","2025-07-23","Tuyết Nga","Môi giới chuyên nghiệp"
"230","2025-07-23","Unknown","Updating"
"231","2025-07-23","Uyên Lê","Môi giới chuyên nghiệp"
"232","2025-07-23","Văn Khánh","Môi giới chuyên nghiệp"
"233","2025-07-23","Văn Minh","Môi giới chuyên nghiệp"
"234","2025-07-23","Vân Sơn","Môi giới chuyên nghiệp"
"235","2025-07-23","Văn Thành Việt","Môi giới chuyên nghiệp"
"236","2025-07-23","Vân Thảo Realty","Môi giới chuyên nghiệp"
"237","2025-07-23","Võ Anh Hiển","Môi giới chuyên nghiệp"
"238","2025-07-23","Võ Hữu Nghĩa","Môi giới chuyên nghiệp"
"239","2025-07-23","Võ Lê Khánh Ly","Môi giới chuyên nghiệp"
"240","2025-07-23","Võ Minh Cường","Môi giới chuyên nghiệp"
"241","2025-07-23","Võ Nhiệm","Môi giới chuyên nghiệp"
"242","2025-07-23","Võ Thanh Danh","Môi giới chuyên nghiệp"
"243","2025-07-23","Võ Thanh Đông","Môi giới chuyên nghiệp"
"244","2025-07-23","Võ Văn Hiệp","Môi giới chuyên nghiệp"
"245","2025-07-23","Vũ Đức  Danh","Môi giới chuyên nghiệp"
"246","2025-07-23","Vũ Thị Kim Oanh","Môi giới chuyên nghiệp"
"247","2025-07-23","Vũ Trà","Môi giới chuyên nghiệp"
"248","2025-07-23","Xuân Hy","Môi giới chuyên nghiệp"
"249","2025-07-23","Yến Lâm Proview","Môi giới chuyên nghiệp"
"250","2025-07-23","Ý Uyên","Môi giới chuyên nghiệp"
